{
    "training_info": {
        "started_at": "20250302_015100",
        "model": "ResNet50",
        "batch_size": 32,
        "epochs": 100,
        "optimizer": "Adam",
        "learning_rate": 0.001,
        "total_time_seconds": 37.42784023284912,
        "completed_at": "20250302_015139"
    },
    "epochs": [
        {
            "epoch": 1,
            "loss": 0.7408272782961528,
            "accuracy": 75.1923076923077,
            "batch_losses": [
                0.6649788618087769,
                0.7701973915100098,
                0.7572713494300842,
                0.6684285402297974,
                0.5560537576675415,
                1.2329163551330566,
                0.4850316047668457,
                0.935719907283783,
                0.6473817825317383,
                1.083747386932373,
                0.9503030776977539,
                0.8847638964653015,
                0.744748592376709,
                0.7289674878120422,
                0.7097736597061157,
                0.6275579333305359,
                0.6923332214355469,
                0.7363381385803223,
                0.8585191965103149,
                0.6227620840072632,
                0.7854568362236023,
                0.8709567785263062,
                0.6035289764404297,
                0.6232625246047974,
                0.5036852955818176,
                0.6166160702705383,
                0.6949632167816162,
                0.725038468837738,
                0.8146052360534668,
                0.6289107203483582
            ]
        },
        {
            "epoch": 2,
            "loss": 0.6245961864789327,
            "accuracy": 75.38461538461539,
            "batch_losses": [
                0.7038511633872986,
                0.7031688690185547,
                0.7537440061569214,
                0.618786633014679,
                0.6640571355819702,
                0.6685497760772705,
                0.6245670318603516,
                0.7466868162155151,
                0.5724477767944336,
                0.618233323097229,
                0.646136999130249,
                0.7090712785720825,
                0.6986271739006042,
                0.5943475365638733,
                0.6446331739425659,
                0.5791804790496826,
                0.5875713229179382,
                0.6508098840713501,
                0.5718125104904175,
                0.5851278305053711,
                0.7054491639137268,
                0.6378999948501587,
                0.5673956871032715,
                0.5694000720977783,
                0.6303236484527588,
                0.532650351524353,
                0.5768346786499023,
                0.45224153995513916,
                0.6181728839874268,
                0.5061068534851074
            ]
        },
        {
            "epoch": 3,
            "loss": 0.6317859133084615,
            "accuracy": 79.61538461538461,
            "batch_losses": [
                0.7282780408859253,
                0.6058956384658813,
                0.7202352285385132,
                0.9500687122344971,
                0.7876590490341187,
                0.6688370704650879,
                0.5243803262710571,
                0.5610182285308838,
                0.6258002519607544,
                0.6607886552810669,
                0.555603563785553,
                0.6502200365066528,
                0.6002177596092224,
                0.6594192981719971,
                0.6009441614151001,
                0.5268606543540955,
                0.5708909034729004,
                0.6067606210708618,
                0.6614845395088196,
                0.6648119688034058,
                0.559762716293335,
                0.6380753517150879,
                0.5400707125663757,
                0.7091706991195679,
                0.6228959560394287,
                0.5481356978416443,
                0.5659570097923279,
                0.7363382577896118,
                0.5680989623069763,
                0.5348973274230957
            ]
        },
        {
            "epoch": 4,
            "loss": 0.6107491503159205,
            "accuracy": 53.84615384615385,
            "batch_losses": [
                0.4831935167312622,
                0.8408374786376953,
                0.5636764764785767,
                0.5023717284202576,
                0.6515276432037354,
                0.5810352563858032,
                0.6488232612609863,
                0.5695322155952454,
                0.6810613870620728,
                0.7913824915885925,
                0.49573996663093567,
                0.5675879716873169,
                0.4583486318588257,
                0.7351762652397156,
                0.5356237888336182,
                0.8841472864151001,
                0.4722400903701782,
                0.47176238894462585,
                0.49608156085014343,
                0.5751755833625793,
                0.6807823181152344,
                0.7030821442604065,
                0.6886863112449646,
                0.4799848794937134,
                0.6990748643875122,
                0.6183338165283203,
                0.630521297454834,
                0.5792931914329529,
                0.5963467955589294,
                0.6410439014434814
            ]
        },
        {
            "epoch": 5,
            "loss": 0.5679319898287455,
            "accuracy": 84.61538461538461,
            "batch_losses": [
                0.5020630955696106,
                0.501007080078125,
                0.7158305644989014,
                0.5533959865570068,
                0.6634799242019653,
                0.4434570372104645,
                0.7298908233642578,
                0.5829344987869263,
                0.5639920234680176,
                0.4366644322872162,
                0.5781427025794983,
                0.6897590160369873,
                0.5704640746116638,
                0.5526123642921448,
                0.5730997323989868,
                0.5116230249404907,
                0.607354998588562,
                0.4332590401172638,
                0.5978288054466248,
                0.6773940920829773,
                0.6294857263565063,
                0.5105873942375183,
                0.688816487789154,
                0.5851990580558777,
                0.29776695370674133,
                0.5928246974945068,
                0.5132503509521484,
                0.5224981307983398,
                0.41093170642852783,
                0.802345871925354
            ]
        }
    ]
}