{
    "training_info": {
        "started_at": "20250302_014455",
        "model": "ResNet50",
        "batch_size": 32,
        "epochs": 100,
        "optimizer": "Adam",
        "learning_rate": 0.001,
        "total_time_seconds": 34.18305516242981,
        "completed_at": "20250302_014530"
    },
    "epochs": [
        {
            "epoch": 1,
            "loss": 0.7233378648757934,
            "accuracy": 79.18552036199095,
            "batch_losses": [
                0.7940855026245117,
                0.8058475255966187,
                0.3974214196205139,
                1.9399285316467285,
                0.7652509212493896,
                0.9853672981262207,
                0.8508467674255371,
                0.9029133915901184,
                0.7686418294906616,
                0.6282047629356384,
                0.615714430809021,
                0.782328724861145,
                0.5684358477592468,
                0.6304990649223328,
                0.7065038681030273,
                0.5602545738220215,
                0.7640650272369385,
                0.5599695444107056,
                0.5339978933334351,
                0.6728562712669373,
                0.755378246307373,
                0.6972202062606812,
                0.5430082678794861,
                0.6723159551620483,
                0.6813299655914307,
                0.6687073111534119,
                0.7455877065658569,
                0.5252546072006226,
                0.708924412727356,
                0.4692760705947876
            ]
        },
        {
            "epoch": 2,
            "loss": 0.582065220673879,
            "accuracy": 83.2579185520362,
            "batch_losses": [
                0.6107888221740723,
                0.6696171760559082,
                0.4947482943534851,
                0.633186399936676,
                0.580387532711029,
                0.5377563238143921,
                0.6035548448562622,
                0.49241870641708374,
                0.5246833562850952,
                0.7832968235015869,
                0.589579701423645,
                0.5895422697067261,
                0.5194432139396667,
                0.5914860963821411,
                0.5290517807006836,
                0.5646569728851318,
                0.5732483863830566,
                0.3946774899959564,
                0.5353040099143982,
                0.5429214239120483,
                0.6335819959640503,
                0.6645989418029785,
                0.5058662295341492,
                0.5034736394882202,
                0.7140539288520813,
                0.5889434218406677,
                0.4943291246891022,
                0.47670435905456543,
                0.8585888147354126,
                0.6614665389060974
            ]
        },
        {
            "epoch": 3,
            "loss": 0.5827820152044296,
            "accuracy": 94.57013574660634,
            "batch_losses": [
                0.5963343381881714,
                0.623823881149292,
                0.567669153213501,
                0.5065160989761353,
                0.3983849287033081,
                0.8473753333091736,
                0.6613881587982178,
                0.5064990520477295,
                0.6446755528450012,
                0.6170958280563354,
                0.6770944595336914,
                0.5305484533309937,
                0.7336113452911377,
                0.5677321553230286,
                0.5441054105758667,
                0.45715218782424927,
                0.6245379447937012,
                0.5368146300315857,
                0.601446270942688,
                0.6555408835411072,
                0.5096152424812317,
                0.44247370958328247,
                0.650444507598877,
                0.6866380572319031,
                0.6621763110160828,
                0.44235801696777344,
                0.638454258441925,
                0.5327754020690918,
                0.5281296968460083,
                0.4920491874217987
            ]
        },
        {
            "epoch": 4,
            "loss": 0.5844080060720444,
            "accuracy": 69.68325791855203,
            "batch_losses": [
                0.4759244918823242,
                0.5709726810455322,
                0.6781450510025024,
                0.5317816138267517,
                0.5786561369895935,
                0.4750806391239166,
                0.5373175740242004,
                0.7243053317070007,
                0.5637484192848206,
                0.5688358545303345,
                0.5139602422714233,
                0.5697895288467407,
                0.6091055274009705,
                0.5351248383522034,
                0.4642724394798279,
                0.5931029319763184,
                0.5021373629570007,
                0.7223430871963501,
                0.4876912832260132,
                0.7787342071533203,
                0.641504168510437,
                0.6733090877532959,
                0.6159062385559082,
                0.5401169061660767,
                0.8818349242210388,
                0.5212311744689941,
                0.6251165866851807,
                0.540113091468811,
                0.55817711353302,
                0.45390164852142334
            ]
        },
        {
            "epoch": 5,
            "loss": 0.5266069134076437,
            "accuracy": 71.94570135746606,
            "batch_losses": [
                0.5300285816192627,
                0.5177106261253357,
                0.6060525178909302,
                0.5808913707733154,
                0.5832317471504211,
                0.49677473306655884,
                0.4177725613117218,
                0.5917613506317139,
                0.5124903917312622,
                0.537834644317627,
                0.6329935193061829,
                0.6047597527503967,
                0.4522084891796112,
                0.5876748561859131,
                0.5766208171844482,
                0.457767128944397,
                0.42875513434410095,
                0.658962607383728,
                0.5687639713287354,
                0.5805388689041138,
                0.44609180092811584,
                0.38752925395965576,
                0.3675471842288971,
                0.4911007583141327,
                0.4884757399559021,
                0.661103367805481,
                0.437466025352478,
                0.5190638899803162,
                0.5917243957519531,
                0.4845113158226013
            ]
        }
    ]
}